<?xml version="1.0" encoding="utf-8" ?>
<languages>
  <language name="English" id="en">
      <episerver>
          <forms>
              <validators>
                  <fileuploadelementselfvalidator>
                      <multiplefilenotallowed>Not allowed to upload multiple files.</multiplefilenotallowed>
                  </fileuploadelementselfvalidator>
                  <rangeelementblockselfvalidator>
                    <rangeinputinvalidnumber>Range value must be in range of [{0}-{1}]'s value with Step = {2}</rangeinputinvalidnumber>
                  </rangeelementblockselfvalidator>
                  <selectionelementseflvalidator>
                    <notallowmultiselection>Multiple choices are not accepted.</notallowmultiselection>
                  </selectionelementseflvalidator>
              </validators>
              <messages>
                <formsubmission>
                  <submissionfinalized>Could not submit form. Submission has been finalized.</submissionfinalized>
                </formsubmission>
              </messages>
          </forms>
      </episerver>
	  <contenttypes>
		  <formcontainerblock>
			  <properties>
				  <resetconfirmationmessage>
					  <caption>Reset Confirmation message</caption>
					  <help>Message displays before reset of the form.</help>
				  </resetconfirmationmessage>
                  <allowanonymoussubmission>
                    <help>Let an anonymous visitor submit a form. Note: Must enable allow anounymous submissions when DisableFormCookies is enabled.</help>
                  </allowanonymoussubmission>
			  </properties>
		  </formcontainerblock>
	  </contenttypes>
  </language>
</languages>
